True_dc_dt,Predicted_dc_dt
0.25291133,0.22229347
0.24682385,0.24421379
0.22659524,0.23412621
0.2128596,0.20382577
0.19275694,0.163673
0.18026055,0.15529197
0.17390764,0.15936792
0.17541084,0.16906157
0.18150003,0.18064292
0.18325385,0.22133201
0.19130446,0.23388681
0.20275906,0.23612058
0.24026075,0.23254079
0.22806531,0.22650541
0.19942026,0.21910799
0.17686455,0.21178754
0.15461506,0.20498376
0.14173585,0.19922674
0.12955818,0.19472101
0.12666272,0.19100572
